name,contract_address,tokenId,supply,creators,transfersCount,accountName,accountAddress
Gamer snake,KT1B7MoSBGirfhQjAkDr57JUTtJaHVkMYE47,0,1,['tz1Nfr2qhuoGJSmK4oGv93QVfPgzTKChfcNK'],2,Tezzardz,tz1Nfr2qhuoGJSmK4oGv93QVfPgzTKChfcNK
trader snake,KT1B7MoSBGirfhQjAkDr57JUTtJaHVkMYE47,1,1,['tz1Nfr2qhuoGJSmK4oGv93QVfPgzTKChfcNK'],2,Tezzardz,tz1Nfr2qhuoGJSmK4oGv93QVfPgzTKChfcNK
Gambler snake,KT1B7MoSBGirfhQjAkDr57JUTtJaHVkMYE47,2,1,['tz1Nfr2qhuoGJSmK4oGv93QVfPgzTKChfcNK'],5,Tezzardz,tz1Nfr2qhuoGJSmK4oGv93QVfPgzTKChfcNK
Gambler snake,KT1B7MoSBGirfhQjAkDr57JUTtJaHVkMYE47,3,1,['tz1Nfr2qhuoGJSmK4oGv93QVfPgzTKChfcNK'],2,Tezzardz,tz1Nfr2qhuoGJSmK4oGv93QVfPgzTKChfcNK
Matrix snake,KT1B7MoSBGirfhQjAkDr57JUTtJaHVkMYE47,4,1,['tz1Nfr2qhuoGJSmK4oGv93QVfPgzTKChfcNK'],2,Tezzardz,tz1Nfr2qhuoGJSmK4oGv93QVfPgzTKChfcNK
Drunk snake,KT1B7MoSBGirfhQjAkDr57JUTtJaHVkMYE47,5,1,['tz1Nfr2qhuoGJSmK4oGv93QVfPgzTKChfcNK'],2,Tezzardz,tz1Nfr2qhuoGJSmK4oGv93QVfPgzTKChfcNK
scientist snake,KT1B7MoSBGirfhQjAkDr57JUTtJaHVkMYE47,6,1,['tz1Nfr2qhuoGJSmK4oGv93QVfPgzTKChfcNK'],7,Tezzardz,tz1Nfr2qhuoGJSmK4oGv93QVfPgzTKChfcNK
Inscription #031,KT1F2tDNzNaJd3EaPmzJr7AZ2S5D4e5yNsbc,31,1,['tz1LhDkPfnANAKsU8kfzaucg6B9BjhoBbob3'],5,Tezzardz,tz1Nfr2qhuoGJSmK4oGv93QVfPgzTKChfcNK
Snake cup,KT1B7MoSBGirfhQjAkDr57JUTtJaHVkMYE47,7,1,['tz1Nfr2qhuoGJSmK4oGv93QVfPgzTKChfcNK'],7,Tezzardz,tz1Nfr2qhuoGJSmK4oGv93QVfPgzTKChfcNK
Constructor snake,KT1B7MoSBGirfhQjAkDr57JUTtJaHVkMYE47,8,1,['tz1Nfr2qhuoGJSmK4oGv93QVfPgzTKChfcNK'],7,Tezzardz,tz1Nfr2qhuoGJSmK4oGv93QVfPgzTKChfcNK
Singer snake,KT1B7MoSBGirfhQjAkDr57JUTtJaHVkMYE47,9,1,['tz1Nfr2qhuoGJSmK4oGv93QVfPgzTKChfcNK'],7,Tezzardz,tz1Nfr2qhuoGJSmK4oGv93QVfPgzTKChfcNK
Snake farmer,KT1B7MoSBGirfhQjAkDr57JUTtJaHVkMYE47,10,1,['tz1Nfr2qhuoGJSmK4oGv93QVfPgzTKChfcNK'],7,Tezzardz,tz1Nfr2qhuoGJSmK4oGv93QVfPgzTKChfcNK
Hunter snake,KT1B7MoSBGirfhQjAkDr57JUTtJaHVkMYE47,11,1,['tz1Nfr2qhuoGJSmK4oGv93QVfPgzTKChfcNK'],2,Tezzardz,tz1Nfr2qhuoGJSmK4oGv93QVfPgzTKChfcNK
Snake jewelry ,KT1B7MoSBGirfhQjAkDr57JUTtJaHVkMYE47,12,1,['tz1Nfr2qhuoGJSmK4oGv93QVfPgzTKChfcNK'],7,Tezzardz,tz1Nfr2qhuoGJSmK4oGv93QVfPgzTKChfcNK
Fell in love snake,KT1B7MoSBGirfhQjAkDr57JUTtJaHVkMYE47,13,1,['tz1Nfr2qhuoGJSmK4oGv93QVfPgzTKChfcNK'],7,Tezzardz,tz1Nfr2qhuoGJSmK4oGv93QVfPgzTKChfcNK
Snake chief,KT1B7MoSBGirfhQjAkDr57JUTtJaHVkMYE47,14,1,['tz1Nfr2qhuoGJSmK4oGv93QVfPgzTKChfcNK'],7,Tezzardz,tz1Nfr2qhuoGJSmK4oGv93QVfPgzTKChfcNK
Barber snake,KT1B7MoSBGirfhQjAkDr57JUTtJaHVkMYE47,15,1,['tz1Nfr2qhuoGJSmK4oGv93QVfPgzTKChfcNK'],2,Tezzardz,tz1Nfr2qhuoGJSmK4oGv93QVfPgzTKChfcNK
Physician snake,KT1B7MoSBGirfhQjAkDr57JUTtJaHVkMYE47,16,1,['tz1Nfr2qhuoGJSmK4oGv93QVfPgzTKChfcNK'],2,Tezzardz,tz1Nfr2qhuoGJSmK4oGv93QVfPgzTKChfcNK
Barista snake,KT1B7MoSBGirfhQjAkDr57JUTtJaHVkMYE47,17,1,['tz1Nfr2qhuoGJSmK4oGv93QVfPgzTKChfcNK'],2,Tezzardz,tz1Nfr2qhuoGJSmK4oGv93QVfPgzTKChfcNK
Angler snake,KT1B7MoSBGirfhQjAkDr57JUTtJaHVkMYE47,18,1,['tz1Nfr2qhuoGJSmK4oGv93QVfPgzTKChfcNK'],2,Tezzardz,tz1Nfr2qhuoGJSmK4oGv93QVfPgzTKChfcNK
Painter snake,KT1B7MoSBGirfhQjAkDr57JUTtJaHVkMYE47,19,1,['tz1Nfr2qhuoGJSmK4oGv93QVfPgzTKChfcNK'],2,Tezzardz,tz1Nfr2qhuoGJSmK4oGv93QVfPgzTKChfcNK
Snake king,KT1B7MoSBGirfhQjAkDr57JUTtJaHVkMYE47,20,1,['tz1Nfr2qhuoGJSmK4oGv93QVfPgzTKChfcNK'],2,Tezzardz,tz1Nfr2qhuoGJSmK4oGv93QVfPgzTKChfcNK
Inscription #028,KT1F2tDNzNaJd3EaPmzJr7AZ2S5D4e5yNsbc,42,1,['tz1LhDkPfnANAKsU8kfzaucg6B9BjhoBbob3'],3,Tezzardz,tz1Nfr2qhuoGJSmK4oGv93QVfPgzTKChfcNK
shayshelbyart.tez,KT1GBZmSxmnKJXGMdMLbugPfLyUPmuLSMwKS,136592,1,,1,Tezzardz,tz1Nfr2qhuoGJSmK4oGv93QVfPgzTKChfcNK
Away from everyone,KT1EGPtTGLRDa2Vv6PVbg4VWfMBfs8VaExKU,98,1,['tz1YBouPh5wC5kYEjSwbB6gaNXtPzFoN4zyh'],5,Tezzardz,tz1Nfr2qhuoGJSmK4oGv93QVfPgzTKChfcNK
Foreign guitar player ,KT1Q3WbiGRXw9c3rB2MafcbFzTjMYLTZgKVq,0,1,['tz1Nfr2qhuoGJSmK4oGv93QVfPgzTKChfcNK'],2,Tezzardz,tz1Nfr2qhuoGJSmK4oGv93QVfPgzTKChfcNK
Foreign dulcimer player ,KT1Uq81vy961djyT7umJXnmMBfaxZdKewM27,0,1,['tz1Nfr2qhuoGJSmK4oGv93QVfPgzTKChfcNK'],2,Tezzardz,tz1Nfr2qhuoGJSmK4oGv93QVfPgzTKChfcNK
Foreign dulcimer player ,KT1Q3WbiGRXw9c3rB2MafcbFzTjMYLTZgKVq,1,1,['tz1Nfr2qhuoGJSmK4oGv93QVfPgzTKChfcNK'],2,Tezzardz,tz1Nfr2qhuoGJSmK4oGv93QVfPgzTKChfcNK
Foreign harmonica player ,KT1Q3WbiGRXw9c3rB2MafcbFzTjMYLTZgKVq,2,1,['tz1Nfr2qhuoGJSmK4oGv93QVfPgzTKChfcNK'],4,Tezzardz,tz1Nfr2qhuoGJSmK4oGv93QVfPgzTKChfcNK
Foreign hang drum player ,KT1Q3WbiGRXw9c3rB2MafcbFzTjMYLTZgKVq,3,1,['tz1Nfr2qhuoGJSmK4oGv93QVfPgzTKChfcNK'],2,Tezzardz,tz1Nfr2qhuoGJSmK4oGv93QVfPgzTKChfcNK
Foreign flute player ,KT1Q3WbiGRXw9c3rB2MafcbFzTjMYLTZgKVq,4,1,['tz1Nfr2qhuoGJSmK4oGv93QVfPgzTKChfcNK'],2,Tezzardz,tz1Nfr2qhuoGJSmK4oGv93QVfPgzTKChfcNK
Foreign saxophone player ,KT1Q3WbiGRXw9c3rB2MafcbFzTjMYLTZgKVq,5,1,['tz1Nfr2qhuoGJSmK4oGv93QVfPgzTKChfcNK'],2,Tezzardz,tz1Nfr2qhuoGJSmK4oGv93QVfPgzTKChfcNK
Foreign violin player ,KT1Q3WbiGRXw9c3rB2MafcbFzTjMYLTZgKVq,6,1,['tz1Nfr2qhuoGJSmK4oGv93QVfPgzTKChfcNK'],2,Tezzardz,tz1Nfr2qhuoGJSmK4oGv93QVfPgzTKChfcNK
Foreign harp player ,KT1Q3WbiGRXw9c3rB2MafcbFzTjMYLTZgKVq,7,1,['tz1Nfr2qhuoGJSmK4oGv93QVfPgzTKChfcNK'],4,Tezzardz,tz1Nfr2qhuoGJSmK4oGv93QVfPgzTKChfcNK
Foreign percussion player ,KT1Q3WbiGRXw9c3rB2MafcbFzTjMYLTZgKVq,8,1,['tz1Nfr2qhuoGJSmK4oGv93QVfPgzTKChfcNK'],2,Tezzardz,tz1Nfr2qhuoGJSmK4oGv93QVfPgzTKChfcNK
Foreign def player ,KT1Q3WbiGRXw9c3rB2MafcbFzTjMYLTZgKVq,9,1,['tz1Nfr2qhuoGJSmK4oGv93QVfPgzTKChfcNK'],6,Tezzardz,tz1Nfr2qhuoGJSmK4oGv93QVfPgzTKChfcNK
Foreign singer ,KT1Q3WbiGRXw9c3rB2MafcbFzTjMYLTZgKVq,10,1,['tz1Nfr2qhuoGJSmK4oGv93QVfPgzTKChfcNK'],7,Tezzardz,tz1Nfr2qhuoGJSmK4oGv93QVfPgzTKChfcNK
Foreign bagpipe player ,KT1Q3WbiGRXw9c3rB2MafcbFzTjMYLTZgKVq,11,1,['tz1Nfr2qhuoGJSmK4oGv93QVfPgzTKChfcNK'],2,Tezzardz,tz1Nfr2qhuoGJSmK4oGv93QVfPgzTKChfcNK
Foreign electric guitar player ,KT1Q3WbiGRXw9c3rB2MafcbFzTjMYLTZgKVq,12,1,['tz1Nfr2qhuoGJSmK4oGv93QVfPgzTKChfcNK'],2,Tezzardz,tz1Nfr2qhuoGJSmK4oGv93QVfPgzTKChfcNK
Foreign string player ,KT1Q3WbiGRXw9c3rB2MafcbFzTjMYLTZgKVq,13,1,['tz1Nfr2qhuoGJSmK4oGv93QVfPgzTKChfcNK'],2,Tezzardz,tz1Nfr2qhuoGJSmK4oGv93QVfPgzTKChfcNK
Foreign accordion player ,KT1Q3WbiGRXw9c3rB2MafcbFzTjMYLTZgKVq,14,1,['tz1Nfr2qhuoGJSmK4oGv93QVfPgzTKChfcNK'],2,Tezzardz,tz1Nfr2qhuoGJSmK4oGv93QVfPgzTKChfcNK
Foreign piano player ,KT1Q3WbiGRXw9c3rB2MafcbFzTjMYLTZgKVq,15,1,['tz1Nfr2qhuoGJSmK4oGv93QVfPgzTKChfcNK'],2,Tezzardz,tz1Nfr2qhuoGJSmK4oGv93QVfPgzTKChfcNK
Rainbow Fi$h#Vincent van Gogh,KT1UyMVMqv8nxjm7KMeD8DwWJSPQVop1Cp5k,18,1,['tz1MucSHvrKTA2Gz2Pveg87D8fxBpTPHav8R'],5,Tezzardz,tz1Nfr2qhuoGJSmK4oGv93QVfPgzTKChfcNK
king piece,KT1M9LDHhggf3GsVshYNkH5JHgEDPoWY4Jd1,1,1,['tz1ifcTPyf26nR5ciE9duHsxwyccFJE3X3aB'],2,Tezzardz,tz1Nfr2qhuoGJSmK4oGv93QVfPgzTKChfcNK
Adam and eve,KT1TDM4wzA5JMFRB7m8Y3kuHsJXdKWEsZw2b,0,1,['tz1Nfr2qhuoGJSmK4oGv93QVfPgzTKChfcNK'],8,Tezzardz,tz1Nfr2qhuoGJSmK4oGv93QVfPgzTKChfcNK
Middle age ,KT1TDM4wzA5JMFRB7m8Y3kuHsJXdKWEsZw2b,1,1,['tz1Nfr2qhuoGJSmK4oGv93QVfPgzTKChfcNK'],10,Tezzardz,tz1Nfr2qhuoGJSmK4oGv93QVfPgzTKChfcNK
Life ,KT1TDM4wzA5JMFRB7m8Y3kuHsJXdKWEsZw2b,2,1,['tz1Nfr2qhuoGJSmK4oGv93QVfPgzTKChfcNK'],13,Tezzardz,tz1Nfr2qhuoGJSmK4oGv93QVfPgzTKChfcNK
Foreigners ,KT1TDM4wzA5JMFRB7m8Y3kuHsJXdKWEsZw2b,3,1,['tz1Nfr2qhuoGJSmK4oGv93QVfPgzTKChfcNK'],6,Tezzardz,tz1Nfr2qhuoGJSmK4oGv93QVfPgzTKChfcNK
Freedom ,KT1TDM4wzA5JMFRB7m8Y3kuHsJXdKWEsZw2b,4,1,['tz1Nfr2qhuoGJSmK4oGv93QVfPgzTKChfcNK'],2,Tezzardz,tz1Nfr2qhuoGJSmK4oGv93QVfPgzTKChfcNK
Tango ,KT1TDM4wzA5JMFRB7m8Y3kuHsJXdKWEsZw2b,5,1,['tz1Nfr2qhuoGJSmK4oGv93QVfPgzTKChfcNK'],2,Tezzardz,tz1Nfr2qhuoGJSmK4oGv93QVfPgzTKChfcNK
Me or you ,KT1TDM4wzA5JMFRB7m8Y3kuHsJXdKWEsZw2b,6,1,['tz1Nfr2qhuoGJSmK4oGv93QVfPgzTKChfcNK'],10,Tezzardz,tz1Nfr2qhuoGJSmK4oGv93QVfPgzTKChfcNK
First kiss ,KT1TDM4wzA5JMFRB7m8Y3kuHsJXdKWEsZw2b,7,1,['tz1Nfr2qhuoGJSmK4oGv93QVfPgzTKChfcNK'],4,Tezzardz,tz1Nfr2qhuoGJSmK4oGv93QVfPgzTKChfcNK
We are young ,KT1TDM4wzA5JMFRB7m8Y3kuHsJXdKWEsZw2b,8,1,['tz1Nfr2qhuoGJSmK4oGv93QVfPgzTKChfcNK'],4,Tezzardz,tz1Nfr2qhuoGJSmK4oGv93QVfPgzTKChfcNK
Marriage ,KT1TDM4wzA5JMFRB7m8Y3kuHsJXdKWEsZw2b,9,1,['tz1Nfr2qhuoGJSmK4oGv93QVfPgzTKChfcNK'],4,Tezzardz,tz1Nfr2qhuoGJSmK4oGv93QVfPgzTKChfcNK
Two or three ,KT1TDM4wzA5JMFRB7m8Y3kuHsJXdKWEsZw2b,10,1,['tz1Nfr2qhuoGJSmK4oGv93QVfPgzTKChfcNK'],6,Tezzardz,tz1Nfr2qhuoGJSmK4oGv93QVfPgzTKChfcNK
Green life ,KT1TDM4wzA5JMFRB7m8Y3kuHsJXdKWEsZw2b,11,1,['tz1Nfr2qhuoGJSmK4oGv93QVfPgzTKChfcNK'],11,Tezzardz,tz1Nfr2qhuoGJSmK4oGv93QVfPgzTKChfcNK
Hope ,KT1TDM4wzA5JMFRB7m8Y3kuHsJXdKWEsZw2b,12,1,['tz1Nfr2qhuoGJSmK4oGv93QVfPgzTKChfcNK'],12,Tezzardz,tz1Nfr2qhuoGJSmK4oGv93QVfPgzTKChfcNK
Peace ,KT1TDM4wzA5JMFRB7m8Y3kuHsJXdKWEsZw2b,13,1,['tz1Nfr2qhuoGJSmK4oGv93QVfPgzTKChfcNK'],2,Tezzardz,tz1Nfr2qhuoGJSmK4oGv93QVfPgzTKChfcNK
Lovers dance ,KT1TDM4wzA5JMFRB7m8Y3kuHsJXdKWEsZw2b,14,1,['tz1Nfr2qhuoGJSmK4oGv93QVfPgzTKChfcNK'],4,Tezzardz,tz1Nfr2qhuoGJSmK4oGv93QVfPgzTKChfcNK
Old but Gold ,KT1TDM4wzA5JMFRB7m8Y3kuHsJXdKWEsZw2b,15,1,['tz1Nfr2qhuoGJSmK4oGv93QVfPgzTKChfcNK'],4,Tezzardz,tz1Nfr2qhuoGJSmK4oGv93QVfPgzTKChfcNK
Devils ,KT1TDM4wzA5JMFRB7m8Y3kuHsJXdKWEsZw2b,16,1,['tz1Nfr2qhuoGJSmK4oGv93QVfPgzTKChfcNK'],8,Tezzardz,tz1Nfr2qhuoGJSmK4oGv93QVfPgzTKChfcNK
Angels,KT1TDM4wzA5JMFRB7m8Y3kuHsJXdKWEsZw2b,17,1,['tz1Nfr2qhuoGJSmK4oGv93QVfPgzTKChfcNK'],4,Tezzardz,tz1Nfr2qhuoGJSmK4oGv93QVfPgzTKChfcNK
Love ,KT1TDM4wzA5JMFRB7m8Y3kuHsJXdKWEsZw2b,18,1,['tz1Nfr2qhuoGJSmK4oGv93QVfPgzTKChfcNK'],4,Tezzardz,tz1Nfr2qhuoGJSmK4oGv93QVfPgzTKChfcNK
Alien family ,KT1TDM4wzA5JMFRB7m8Y3kuHsJXdKWEsZw2b,19,1,['tz1Nfr2qhuoGJSmK4oGv93QVfPgzTKChfcNK'],4,Tezzardz,tz1Nfr2qhuoGJSmK4oGv93QVfPgzTKChfcNK
Fantasy world,KT1QxSg3f2N5M3kawNYntqF9bvx9BJ3Yjchv,1,10,['tz1irBmm83y6hPFNKPpmvDpo8NyYKUTNdzmS'],5,Tezzardz,tz1Nfr2qhuoGJSmK4oGv93QVfPgzTKChfcNK
Sepas as an Angel,KT1Wuh991Jmmb91NKLGdiwpDtGVxPa2mdEWJ,19,2,['tz1N1oUMt7SNJrpMm8bvKjioqSy5cWu9tm3A'],5,Tezzardz,tz1Nfr2qhuoGJSmK4oGv93QVfPgzTKChfcNK
Pure friend ,KT1UND9VpGwBCLmiEfmoN5NZeEBXrUJ75rkk,0,9,['tz1Nfr2qhuoGJSmK4oGv93QVfPgzTKChfcNK'],5,Tezzardz,tz1Nfr2qhuoGJSmK4oGv93QVfPgzTKChfcNK
Sunset ,KT1UND9VpGwBCLmiEfmoN5NZeEBXrUJ75rkk,1,9,['tz1Nfr2qhuoGJSmK4oGv93QVfPgzTKChfcNK'],5,Tezzardz,tz1Nfr2qhuoGJSmK4oGv93QVfPgzTKChfcNK
art of peace - healing generations - nonAnon art,KT1RXQhjg9BiHQaFVuMRhAtaaHD34nssKh67,14,1941,['tz1iDzcmeWkHWRAC2Q4nAG6my78BDEpKZ99a'],1,Tezzardz,tz1Nfr2qhuoGJSmK4oGv93QVfPgzTKChfcNK
Fly tipping,KT1UND9VpGwBCLmiEfmoN5NZeEBXrUJ75rkk,2,9,['tz1Nfr2qhuoGJSmK4oGv93QVfPgzTKChfcNK'],7,Tezzardz,tz1Nfr2qhuoGJSmK4oGv93QVfPgzTKChfcNK
Blood Galaxy ,KT1UND9VpGwBCLmiEfmoN5NZeEBXrUJ75rkk,3,1,['tz1Nfr2qhuoGJSmK4oGv93QVfPgzTKChfcNK'],2,Tezzardz,tz1Nfr2qhuoGJSmK4oGv93QVfPgzTKChfcNK
"""Ethereal Mandala""",KT1AgdM1vLsQWyXYiZSQdKfmK7nKfeQak5Jo,28,1,['tz1VWf9r8LgF6LG4XUenCAkNUKWHML6oPorw'],3,Tezzardz,tz1Nfr2qhuoGJSmK4oGv93QVfPgzTKChfcNK
P.art006,KT1UkEboMayQ19qtVDovaEX3AuSawPQeavCh,5,10,['tz1QxhdBtsr5wjEtZnHS4baX8r412kmEx6Tq'],3,Tezzardz,tz1Nfr2qhuoGJSmK4oGv93QVfPgzTKChfcNK
laxmi temple,KT1PtTzYhv7ZuJfnibY8n3cfEgerdmcd9347,1,1,['tz1ifcTPyf26nR5ciE9duHsxwyccFJE3X3aB'],2,Tezzardz,tz1Nfr2qhuoGJSmK4oGv93QVfPgzTKChfcNK
men,KT1PFpERQngch7a1opset5T5osfaDbFu6viD,61,3,['tz1iDzcmeWkHWRAC2Q4nAG6my78BDEpKZ99a'],5,Tezzardz,tz1Nfr2qhuoGJSmK4oGv93QVfPgzTKChfcNK
Appealing,KT1Hoci8tHoZJJhvA4icHQooCgbpbiFCgVWg,18,1,['tz1ZTbB1yg8v9BmCDZq54gCG24YC3UfJJ5ri'],5,Tezzardz,tz1Nfr2qhuoGJSmK4oGv93QVfPgzTKChfcNK
Sepas,KT1LW8qtHCeBKt1J9QoYZ1Wndp96yHhRgKuZ,5,10000,['tz1KkrhTdDGwmgSczkzsrnMo5z3DGzKDkss9'],1,Tezzardz,tz1Nfr2qhuoGJSmK4oGv93QVfPgzTKChfcNK
Joko Suryo Kelono #16,KT18v28oM1eWV6rCBaPi4ePhsh82bZZSm7Vj,15,3,['tz1U1Quf7hnaModW2LDBiFjD7r4ibC1KLrEj'],1,Tezzardz,tz1Nfr2qhuoGJSmK4oGv93QVfPgzTKChfcNK
Squirrel in an Orange Tree,KT1XTSCcz7jTLnzRY44iz48UGy44yfe7hTwv,20,1,['tz1ST2JWCQecy6gi8hhmtncRnvd8kp7uW2eM'],5,Tezzardz,tz1Nfr2qhuoGJSmK4oGv93QVfPgzTKChfcNK
Capturing the Esoteric Beauty of the Distant Future 499,KT1GHwEdeWQabWMN9hwtFAG2HaAP2A5jekzC,500,1,['tz1eQ9okdKkEFDPjYyMUzvSPnsEDooHu1nFG'],3,Tezzardz,tz1Nfr2qhuoGJSmK4oGv93QVfPgzTKChfcNK
WTF? #30,KT1UUn5axsVzWPXP9f3E77VysqJrmrPrzUcw,30,31,['tz1eNxTJaNTE4JzRiWtSLQnnz7MwuP6EU31Y'],1,Tezzardz,tz1Nfr2qhuoGJSmK4oGv93QVfPgzTKChfcNK
WTF? #24,KT1UUn5axsVzWPXP9f3E77VysqJrmrPrzUcw,24,37,['tz1eNxTJaNTE4JzRiWtSLQnnz7MwuP6EU31Y'],1,Tezzardz,tz1Nfr2qhuoGJSmK4oGv93QVfPgzTKChfcNK
WTF? #27,KT1UUn5axsVzWPXP9f3E77VysqJrmrPrzUcw,27,13,['tz1eNxTJaNTE4JzRiWtSLQnnz7MwuP6EU31Y'],1,Tezzardz,tz1Nfr2qhuoGJSmK4oGv93QVfPgzTKChfcNK
Be unique ,KT1E8rq4MEbyP3twGbe31V7QctZct1jNk2wy,10,44,['tz1RQB1JqEJJkiZ3hBwTTg3A8qDwKTSFVyDQ'],1,Tezzardz,tz1Nfr2qhuoGJSmK4oGv93QVfPgzTKChfcNK
SYMBIOSIS #1,KT1Rwdkczpj6duEesYmEQuYc35RKMkfdkoqD,0,11,['tz1Lz9fKp7rNstX7MHhDDQeKgJEvZ6jsGo2i'],1,Tezzardz,tz1Nfr2qhuoGJSmK4oGv93QVfPgzTKChfcNK
My first pixel art!,KT1RJ6PbjHpwc3M5rw5s2Nbmefwbuwbdxton,641972,300,['tz1eV6BjvFB5V8c3GjCcyNErj4FrzuYbAnWi'],1,Tezzardz,tz1Nfr2qhuoGJSmK4oGv93QVfPgzTKChfcNK
couple,KT1UxcBesYURNAFHomHgqGhvnKbZsMqG1YHP,19,2,['tz1iDzcmeWkHWRAC2Q4nAG6my78BDEpKZ99a'],5,Tezzardz,tz1Nfr2qhuoGJSmK4oGv93QVfPgzTKChfcNK
DD membership token ,KT1QgHbWq2DuSoneJ2V8b37rbmhCNKq7PTpF,0,10000,['tz1LhDkPfnANAKsU8kfzaucg6B9BjhoBbob3'],1,Tezzardz,tz1Nfr2qhuoGJSmK4oGv93QVfPgzTKChfcNK
Strange Creatures 02,KT1XWJ7tbiSbouzaJLJF7NE5sUYa33y81AU7,1,333,['tz1hVhFAK2jUQm7miNXZZUgZxLxmobKajnVK'],1,Tezzardz,tz1Nfr2qhuoGJSmK4oGv93QVfPgzTKChfcNK
LL012,KT1NLBZaTApUeDygnJ4gbTvvNkRQjcWMRxXy,11,1,['tz1XRPv3VhjLRigmx6MamAgam5scDfsjaQVd'],3,Tezzardz,tz1Nfr2qhuoGJSmK4oGv93QVfPgzTKChfcNK
Good vs Evil,KT1RJ6PbjHpwc3M5rw5s2Nbmefwbuwbdxton,766460,10,['tz1ZkxnTE2vTsiCH2EraRHUdbjzVsBLjkvBm'],1,Tezzardz,tz1Nfr2qhuoGJSmK4oGv93QVfPgzTKChfcNK
Pizza Animation,KT1UMJ7UTJnBEuFNCmvv3pxs1U9w2L3dRgWA,49,8,['tz2RGJPGu285EsSDu4cvVPco1mTKoW3DgE5H'],3,Tezzardz,tz1Nfr2qhuoGJSmK4oGv93QVfPgzTKChfcNK
Lobster Meal Animation,KT1UMJ7UTJnBEuFNCmvv3pxs1U9w2L3dRgWA,55,2,['tz2RGJPGu285EsSDu4cvVPco1mTKoW3DgE5H'],3,Tezzardz,tz1Nfr2qhuoGJSmK4oGv93QVfPgzTKChfcNK
Shrimp Meal Animation,KT1UMJ7UTJnBEuFNCmvv3pxs1U9w2L3dRgWA,56,1,['tz2RGJPGu285EsSDu4cvVPco1mTKoW3DgE5H'],3,Tezzardz,tz1Nfr2qhuoGJSmK4oGv93QVfPgzTKChfcNK
Eyes 05,KT1NN2aSYXQ3RXgsr5CLjVYQbG7Grbe28vV8,4,1,['tz1YpXuaVf2yK6zLNAqpfJrkny9MeWcRHLN5'],6,Tezzardz,tz1Nfr2qhuoGJSmK4oGv93QVfPgzTKChfcNK
Fractal Art #05,KT1UMJ7UTJnBEuFNCmvv3pxs1U9w2L3dRgWA,67,4,['tz2RGJPGu285EsSDu4cvVPco1mTKoW3DgE5H'],1,Tezzardz,tz1Nfr2qhuoGJSmK4oGv93QVfPgzTKChfcNK
Mother of the earth ,KT1Uq81vy961djyT7umJXnmMBfaxZdKewM27,1,333,['tz1Nfr2qhuoGJSmK4oGv93QVfPgzTKChfcNK'],323,Tezzardz,tz1Nfr2qhuoGJSmK4oGv93QVfPgzTKChfcNK
Eye of the world ,KT1Uq81vy961djyT7umJXnmMBfaxZdKewM27,2,9,['tz1Nfr2qhuoGJSmK4oGv93QVfPgzTKChfcNK'],3,Tezzardz,tz1Nfr2qhuoGJSmK4oGv93QVfPgzTKChfcNK
The gate of the after life,KT1Uq81vy961djyT7umJXnmMBfaxZdKewM27,3,9,['tz1Nfr2qhuoGJSmK4oGv93QVfPgzTKChfcNK'],2,Tezzardz,tz1Nfr2qhuoGJSmK4oGv93QVfPgzTKChfcNK
Alien flashlight ,KT1Uq81vy961djyT7umJXnmMBfaxZdKewM27,4,9,['tz1Nfr2qhuoGJSmK4oGv93QVfPgzTKChfcNK'],12,Tezzardz,tz1Nfr2qhuoGJSmK4oGv93QVfPgzTKChfcNK
The Gate,KT1Uq81vy961djyT7umJXnmMBfaxZdKewM27,5,9,['tz1Nfr2qhuoGJSmK4oGv93QVfPgzTKChfcNK'],7,Tezzardz,tz1Nfr2qhuoGJSmK4oGv93QVfPgzTKChfcNK
Blue ring,KT1Uq81vy961djyT7umJXnmMBfaxZdKewM27,6,9,['tz1Nfr2qhuoGJSmK4oGv93QVfPgzTKChfcNK'],10,Tezzardz,tz1Nfr2qhuoGJSmK4oGv93QVfPgzTKChfcNK
neon lady,KT1UQk3hvjX8aTiiz6Z7vmTcEvySZtgZtm7h,82,11,['tz1ZwwrPKvPBuw7QF8UsmbhAifnWfLKWx5AK'],1,Tezzardz,tz1Nfr2qhuoGJSmK4oGv93QVfPgzTKChfcNK
kalligraphic man,KT1WtLxKTJxRe4RwCExF1cuGsCgAFUvezU6W,1,19,['tz1iDzcmeWkHWRAC2Q4nAG6my78BDEpKZ99a'],1,Tezzardz,tz1Nfr2qhuoGJSmK4oGv93QVfPgzTKChfcNK
give away 09,KT1WtLxKTJxRe4RwCExF1cuGsCgAFUvezU6W,9,9,['tz1iDzcmeWkHWRAC2Q4nAG6my78BDEpKZ99a'],1,Tezzardz,tz1Nfr2qhuoGJSmK4oGv93QVfPgzTKChfcNK
Don Quichotte,KT1PFpERQngch7a1opset5T5osfaDbFu6viD,67,1,['tz1iDzcmeWkHWRAC2Q4nAG6my78BDEpKZ99a'],5,Tezzardz,tz1Nfr2qhuoGJSmK4oGv93QVfPgzTKChfcNK
give away 02,KT1WtLxKTJxRe4RwCExF1cuGsCgAFUvezU6W,2,4,['tz1iDzcmeWkHWRAC2Q4nAG6my78BDEpKZ99a'],3,Tezzardz,tz1Nfr2qhuoGJSmK4oGv93QVfPgzTKChfcNK
give away 05,KT1WtLxKTJxRe4RwCExF1cuGsCgAFUvezU6W,5,6,['tz1iDzcmeWkHWRAC2Q4nAG6my78BDEpKZ99a'],3,Tezzardz,tz1Nfr2qhuoGJSmK4oGv93QVfPgzTKChfcNK
red wine in the white exhibition,KT1CTSyC8Vuv664AYmSRduvoZQMYKFk6SMuV,16,2,['tz1iDzcmeWkHWRAC2Q4nAG6my78BDEpKZ99a'],3,Tezzardz,tz1Nfr2qhuoGJSmK4oGv93QVfPgzTKChfcNK
"2023 Birthday, Special Gift for My Community.",KT1GZWQ3TjTSpwLd2iVu7azMKSgwxgzR1yXd,1,144,['tz1XMQ7PGuffamKfEu72uoupE9LxHrQjpdft'],1,Tezzardz,tz1Nfr2qhuoGJSmK4oGv93QVfPgzTKChfcNK
Fancy mojo,KT1LaSdjZp7QXgit9vPFt9S1KARBww3GTopm,26,1,['tz1WDDFXYpuFtg3KCsmXfKqvicvJns3thsrS'],3,Tezzardz,tz1Nfr2qhuoGJSmK4oGv93QVfPgzTKChfcNK
 Shasho,KT1K5EagcRAMEiMTdZeUUcy969ixMbokoV57,36,10,['tz1eHf4UJDXTPjCBG2w1zYzBofihnveZdKrL'],1,Tezzardz,tz1Nfr2qhuoGJSmK4oGv93QVfPgzTKChfcNK
MyBarbie 001,KT1RJ6PbjHpwc3M5rw5s2Nbmefwbuwbdxton,830116,10,['tz1iQ3KAhzswSD7m6D7VaUsKBW5LyhSBokp5'],1,Tezzardz,tz1Nfr2qhuoGJSmK4oGv93QVfPgzTKChfcNK
blue memory ,KT1CuURDr5VGbaDFM6DckT4wi5dutfbNAZck,5,1,['tz1TJueQskaTAzR4syUmmoaGjJUzQAX6epez'],5,Tezzardz,tz1Nfr2qhuoGJSmK4oGv93QVfPgzTKChfcNK
Tez Head #26,KT1UMLYMyaSnsMePfN1VqSmSGrKg9EWr2n8T,25,5,['tz1RB86UN8xhW1USqFQRVHfTYidNgGyh9Q6G'],1,Tezzardz,tz1Nfr2qhuoGJSmK4oGv93QVfPgzTKChfcNK
Counterculture #116/999,KT1SJ8bxUHLGDk1aZAEu1NKTMFFwURjKtS2p,120,60,['tz1S5XhS3TcLheqCfWnVM8uz6u9B3vndkt9S'],1,Tezzardz,tz1Nfr2qhuoGJSmK4oGv93QVfPgzTKChfcNK
Counterculture #115/999,KT1SJ8bxUHLGDk1aZAEu1NKTMFFwURjKtS2p,119,60,['tz1S5XhS3TcLheqCfWnVM8uz6u9B3vndkt9S'],1,Tezzardz,tz1Nfr2qhuoGJSmK4oGv93QVfPgzTKChfcNK
Counterculture #114/999,KT1SJ8bxUHLGDk1aZAEu1NKTMFFwURjKtS2p,118,64,['tz1S5XhS3TcLheqCfWnVM8uz6u9B3vndkt9S'],1,Tezzardz,tz1Nfr2qhuoGJSmK4oGv93QVfPgzTKChfcNK
Counterculture #111/999,KT1SJ8bxUHLGDk1aZAEu1NKTMFFwURjKtS2p,115,101,['tz1S5XhS3TcLheqCfWnVM8uz6u9B3vndkt9S'],1,Tezzardz,tz1Nfr2qhuoGJSmK4oGv93QVfPgzTKChfcNK
Counterculture #112/999,KT1SJ8bxUHLGDk1aZAEu1NKTMFFwURjKtS2p,116,80,['tz1S5XhS3TcLheqCfWnVM8uz6u9B3vndkt9S'],1,Tezzardz,tz1Nfr2qhuoGJSmK4oGv93QVfPgzTKChfcNK
GM,KT1NTu4BnkbfmnCbXNB9ovNMDhknwSvJaZXU,5,354,['tz1VqR3MHgQGztk1My4UMuU9N2nXMri94oYQ'],2,Tezzardz,tz1Nfr2qhuoGJSmK4oGv93QVfPgzTKChfcNK
Nieveween,KT1NyLDa3amyycjMiT7whtPnpCp3QAFsdfoa,39,7,['tz1bAC9kVY1P8aZSKe66eHqZntWPR2rg1Ni3'],1,Tezzardz,tz1Nfr2qhuoGJSmK4oGv93QVfPgzTKChfcNK
BL8ant Abstracta Forest,KT1NyLDa3amyycjMiT7whtPnpCp3QAFsdfoa,44,144,['tz1bAC9kVY1P8aZSKe66eHqZntWPR2rg1Ni3'],1,Tezzardz,tz1Nfr2qhuoGJSmK4oGv93QVfPgzTKChfcNK
Glossy Volume #42,KT1DpY6h5XgWmjdah4VCkYMp456kSEMKT5hq,37,1,['tz1NqkF3MnyKGNQkpGrtzncsVT7pFhgYh9gh'],3,Tezzardz,tz1Nfr2qhuoGJSmK4oGv93QVfPgzTKChfcNK
ADHD animation ,KT1NwdD97iS5toiK5mkf5B3iev4Lm8S9iPMy,10,100,['tz1bLR8WEphW6xGmFf9FuM7qTEnR1RaY5Sq1'],1,Tezzardz,tz1Nfr2qhuoGJSmK4oGv93QVfPgzTKChfcNK
POKé Tkn:33 Fakémon,KT1H9NvtcEK9sMZ54urhfSk2Gwcv5zr35FbU,33,1,['tz2N1xrtUyAVPVNWRWpecgPK3Gqyvypdsq9B'],1,Tezzardz,tz1Nfr2qhuoGJSmK4oGv93QVfPgzTKChfcNK
laxmi temple,KT1Wf3A2oWzqAKPNm4ejeavYCMb2t8aGU5uB,1,1,['tz1Q5H9EaRajGWs2acNh4tjRknVv3SoBMUS4'],5,Tezzardz,tz1Nfr2qhuoGJSmK4oGv93QVfPgzTKChfcNK
Old School #10,KT1GhE7hyTvUefVzc8bNf4bYxzgZ1LnCoTbh,151,1,['tz1XqPxfymb7usxEJb8VzJBRJrAz4iZy6fXq'],3,Tezzardz,tz1Nfr2qhuoGJSmK4oGv93QVfPgzTKChfcNK
Papaya Ball #001,KT1REmjKCabiYT5i1EsCPvdCvKPCV7YyQmzg,2,3,['tz2RGJPGu285EsSDu4cvVPco1mTKoW3DgE5H'],1,Tezzardz,tz1Nfr2qhuoGJSmK4oGv93QVfPgzTKChfcNK
 Papaya Doll #021,KT1UMJ7UTJnBEuFNCmvv3pxs1U9w2L3dRgWA,130,2,['tz2RGJPGu285EsSDu4cvVPco1mTKoW3DgE5H'],1,Tezzardz,tz1Nfr2qhuoGJSmK4oGv93QVfPgzTKChfcNK
Variety 253,KT1RssD2xDrj8FMjYJZ6zNyFSHUbQtgycVUJ,254,1,['tz1iQ3KAhzswSD7m6D7VaUsKBW5LyhSBokp5'],3,Tezzardz,tz1Nfr2qhuoGJSmK4oGv93QVfPgzTKChfcNK
Shasho #2,KT1T3XFmrxar1An1bJAZgFoMmHLZMD9YG5y2,1,3,['tz1eHf4UJDXTPjCBG2w1zYzBofihnveZdKrL'],1,Tezzardz,tz1Nfr2qhuoGJSmK4oGv93QVfPgzTKChfcNK
Mr.Thinker3,KT1MkzLdqgycr3zzkgVjQG97zuvWgxA68tyi,2,3,['tz1ftVg5hyRQ7E14N4vTQQmxgnnJjbbxWXqg'],1,Tezzardz,tz1Nfr2qhuoGJSmK4oGv93QVfPgzTKChfcNK
"""Good Night, Star Friend""",KT1DTKn5uhhq1NYYPzu3LVc66YVK9FLREQG4,31,20,['tz1eKAPKYxW7pCKrLnpNqXy9rcYy79eqr5He'],1,Tezzardz,tz1Nfr2qhuoGJSmK4oGv93QVfPgzTKChfcNK
X-1,KT1GRZ7C1kEWfws61wYJW84K9o7DCqPFAEAF,57,1,['tz1RFKXA1T34uhG2FcgE51P7frbEvwU2zS4J'],1,Tezzardz,tz1Nfr2qhuoGJSmK4oGv93QVfPgzTKChfcNK
Venus,KT1BQeX5FSG6kyeZ9cTyU32Scq3fT4h8oaoJ,1,2,['tz1gj7QvJzyxnT3VFjxYsbuwGmPRFP6V2f84'],1,Tezzardz,tz1Nfr2qhuoGJSmK4oGv93QVfPgzTKChfcNK
Twin,KT1BQeX5FSG6kyeZ9cTyU32Scq3fT4h8oaoJ,2,2,['tz1gj7QvJzyxnT3VFjxYsbuwGmPRFP6V2f84'],1,Tezzardz,tz1Nfr2qhuoGJSmK4oGv93QVfPgzTKChfcNK
Spend the Love,KT1W3epFMDeXgih3PZMU49RPTgUMt2NVXQHH,3,1,['tz1gj7QvJzyxnT3VFjxYsbuwGmPRFP6V2f84'],1,Tezzardz,tz1Nfr2qhuoGJSmK4oGv93QVfPgzTKChfcNK
Vision,KT1W3epFMDeXgih3PZMU49RPTgUMt2NVXQHH,1,1,['tz1gj7QvJzyxnT3VFjxYsbuwGmPRFP6V2f84'],1,Tezzardz,tz1Nfr2qhuoGJSmK4oGv93QVfPgzTKChfcNK
Who Made Who,KT1Uq81vy961djyT7umJXnmMBfaxZdKewM27,7,3,['tz1Nfr2qhuoGJSmK4oGv93QVfPgzTKChfcNK'],2,Tezzardz,tz1Nfr2qhuoGJSmK4oGv93QVfPgzTKChfcNK
New Blood,KT1FU7GF137ur3yaAojN7uCJwSrEjrh4BQ6X,7,92,['tz1VvkqFhEcvYBmZrgPMtpvk7Bc6NUUzcAhg'],1,Tezzardz,tz1Nfr2qhuoGJSmK4oGv93QVfPgzTKChfcNK
gentle fogs and wispy clouds,KT1RV6WZRDZY9tRzoBsDdmojjZP7kEZmoL2N,46,50,['tz1i3FFAAnqEbjt3eMQfXgrwHjRcMTcmZzqZ'],1,Tezzardz,tz1Nfr2qhuoGJSmK4oGv93QVfPgzTKChfcNK
Her Dream ,KT1K5EagcRAMEiMTdZeUUcy969ixMbokoV57,58,2,['tz1eHf4UJDXTPjCBG2w1zYzBofihnveZdKrL'],1,Tezzardz,tz1Nfr2qhuoGJSmK4oGv93QVfPgzTKChfcNK
LL018,KT1NLBZaTApUeDygnJ4gbTvvNkRQjcWMRxXy,17,1,['tz1XRPv3VhjLRigmx6MamAgam5scDfsjaQVd'],1,Tezzardz,tz1Nfr2qhuoGJSmK4oGv93QVfPgzTKChfcNK
Wake up ,KT1Uq81vy961djyT7umJXnmMBfaxZdKewM27,8,3,['tz1Nfr2qhuoGJSmK4oGv93QVfPgzTKChfcNK'],2,Tezzardz,tz1Nfr2qhuoGJSmK4oGv93QVfPgzTKChfcNK
Silent planet ,KT1Uq81vy961djyT7umJXnmMBfaxZdKewM27,9,3,['tz1Nfr2qhuoGJSmK4oGv93QVfPgzTKChfcNK'],2,Tezzardz,tz1Nfr2qhuoGJSmK4oGv93QVfPgzTKChfcNK
 Symbol of freedom ,KT1MwUj1WyVaCJCnb9QoPL2rTMXh4jAERq9T,0,365,['tz1TJueQskaTAzR4syUmmoaGjJUzQAX6epez'],1,Tezzardz,tz1Nfr2qhuoGJSmK4oGv93QVfPgzTKChfcNK
ohio #2,KT1S7bJtXRgxST4goJiv5hErYJQxFybmpHqo,2,3,['tz1QMnwovvB3ET6vAMAqUscTqAyc4Notwtc4'],1,Tezzardz,tz1Nfr2qhuoGJSmK4oGv93QVfPgzTKChfcNK
Submarine #1 ,KT1V39wXBwtk7fLodwZcC6pcaDBZevvdjvvf,210,1,['tz1htD9AgKUcBn1mYuYWxsScpkFSsbYNagoD'],1,Tezzardz,tz1Nfr2qhuoGJSmK4oGv93QVfPgzTKChfcNK
Into my mind,KT1T3467TRrtEb6PnFhmLXu6PuYwCVhig4FR,4,5,['tz1ZWLJNM2EJjq5NMoMQzwHYP4RkWdEX7iy7'],1,Tezzardz,tz1Nfr2qhuoGJSmK4oGv93QVfPgzTKChfcNK
Corner 278,KT1HKJfiktqHhsRUPVmTwky5LCDiycVsBpmX,4,6,['tz1T3TRisZtHaV6bu9HqfEqHtWuYv4VSV4z2'],1,Tezzardz,tz1Nfr2qhuoGJSmK4oGv93QVfPgzTKChfcNK
B2D-04,KT1MnR1wBzdxuKdFQEDnqHJXkN36T2pEKifw,4,1,['tz1NwqS8B1pmHN7EEqcFhPucatSQ8pjGLk4U'],1,Tezzardz,tz1Nfr2qhuoGJSmK4oGv93QVfPgzTKChfcNK
Collect United: 23/24 Arsenal,KT1LBXXg9UFvyfdvPmRMc4JZQsYWdyPCS6ue,6,27498,['tz2CA29RWqoTKcxvTcqm6oQbWtoB1iDXtWBM'],1,Tezzardz,tz1Nfr2qhuoGJSmK4oGv93QVfPgzTKChfcNK
Collect United: 23/24 Brentford,KT1LBXXg9UFvyfdvPmRMc4JZQsYWdyPCS6ue,7,34812,['tz2CA29RWqoTKcxvTcqm6oQbWtoB1iDXtWBM'],1,Tezzardz,tz1Nfr2qhuoGJSmK4oGv93QVfPgzTKChfcNK
Collect United: 23/24 Galatasaray,KT1LBXXg9UFvyfdvPmRMc4JZQsYWdyPCS6ue,5,26052,['tz2CA29RWqoTKcxvTcqm6oQbWtoB1iDXtWBM'],1,Tezzardz,tz1Nfr2qhuoGJSmK4oGv93QVfPgzTKChfcNK
